{
  "conf #3 req" : {
    "transaction" : "conf #3 req",
    "sampleCount" : 520,
    "errorCount" : 461,
    "errorPct" : 88.65385,
    "meanResTime" : 1780.6384615384625,
    "medianResTime" : 1427.0,
    "minResTime" : 1014.0,
    "maxResTime" : 6503.0,
    "pct1ResTime" : 2863.300000000001,
    "pct2ResTime" : 4643.95,
    "pct3ResTime" : 5711.209999999996,
    "throughput" : 3.277551920834515,
    "receivedKBytesPerSec" : 0.7393696227663799,
    "sentKBytesPerSec" : 0.4961138161419432
  },
  "conf #2 req" : {
    "transaction" : "conf #2 req",
    "sampleCount" : 520,
    "errorCount" : 452,
    "errorPct" : 86.92308,
    "meanResTime" : 1757.3730769230776,
    "medianResTime" : 1428.5,
    "minResTime" : 1012.0,
    "maxResTime" : 6502.0,
    "pct1ResTime" : 2927.1000000000035,
    "pct2ResTime" : 4536.0,
    "pct3ResTime" : 5672.35999999999,
    "throughput" : 3.2796604290048124,
    "receivedKBytesPerSec" : 0.7398452725587028,
    "sentKBytesPerSec" : 0.49643297509350187
  },
  "conf #1 req" : {
    "transaction" : "conf #1 req",
    "sampleCount" : 520,
    "errorCount" : 459,
    "errorPct" : 88.26923,
    "meanResTime" : 1781.6346153846152,
    "medianResTime" : 1429.5,
    "minResTime" : 1021.0,
    "maxResTime" : 6605.0,
    "pct1ResTime" : 2983.0,
    "pct2ResTime" : 4762.7,
    "pct3ResTime" : 5683.339999999991,
    "throughput" : 3.25939112066642,
    "receivedKBytesPerSec" : 0.7352728016347101,
    "sentKBytesPerSec" : 0.49336486689774917
  },
  "Total" : {
    "transaction" : "Total",
    "sampleCount" : 1560,
    "errorCount" : 1372,
    "errorPct" : 87.948715,
    "meanResTime" : 1773.2153846153842,
    "medianResTime" : 1428.0,
    "minResTime" : 1012.0,
    "maxResTime" : 6605.0,
    "pct1ResTime" : 2935.700000000001,
    "pct2ResTime" : 4643.0,
    "pct3ResTime" : 5671.609999999988,
    "throughput" : 9.77817336199926,
    "receivedKBytesPerSec" : 2.20581840490413,
    "sentKBytesPerSec" : 1.4800946006932476
  }
}